,Uber Type,Origin Region,Destination Region,Origin Latitude,Origin Longitude,Destination Latitude,Destination Longitude,Journey Distance(m),Departure Date,Departure Time,Travel Time(s),Arrival Time,Fare$
ID5922003725,2,6,4,-37.7874325,144.9803767,-37.7997471,145.0021397,3487.0,2018-02-28,17:28:18,866.8200000000004,17:42:44,92.63
ID3843751393,1,2,6,-37.8204191,144.926592,-37.7874325,144.9803767,7866.0,2018-07-25,01:27:30,2008.920000000001,2:00:58,22.52
ID3705064031,1,2,3,-37.8204843,144.9493105,-37.8223921,144.9701332,2409.4,2018-04-23,02:03:06,607.44,2:13:13,18.98
ID3527854618,1,8,5,-37.807202,145.0266373,-37.8102505,144.9359257,8852.0,2018-07-25,14:48:46,2226.659999999998,15:25:52,19.92
ID3153514685,1,7,5,-37.8618349,144.905716,-37.8074205,144.9292428,11428.0,2018-04-24,08:34:45,3656.7599999999993,9:35:41,16.52
ID3659078083,1,3,7,-37.8262281,144.9956458,-37.8618349,144.905716,10090.0,2018-06-19,15:34:23,3263.16,16:28:46,22.59
ID3617308307,1,2,9,-37.8231569,144.9382363,-38.1109156,144.6541725,43028.0,2018-06-19,00:55:51,10355.88,3:48:26,53.04
ID3187151390,1,7,5,-37.8618349,144.905716,-37.804452,144.9262237,11569.0,2018-01-12,03:15:05,3740.939999999999,4:17:25,28.11
ID5974687808,2,7,3,-37.8618349,144.905716,-37.822614,145.0000425,10588.0,2018-05-20,02:36:55,3345.7799999999993,3:32:40,310.94
ID3349446658,1,6,9,-37.7874421,144.9804091,-38.1109156,144.6541725,47033.9,2018-06-18,04:05:47,11407.859999999999,7:15:54,53.84
ID1754755331,0,8,7,-37.8158343,145.04645,-37.8618349,144.905716,15151.0,2018-06-20,08:32:22,4917.479999999999,9:54:19,8.29
ID1722471388,0,8,3,-37.8158343,145.04645,-37.8231775,144.9884654,6307.0,2018-04-11,05:09:38,1853.7599999999995,5:40:31,12.88
ID5246236154,2,7,9,-37.8618349,144.905716,-38.1109156,144.6541725,50795.6,2018-07-15,09:25:43,13173.359999999999,13:05:16,1097.04
ID5301400596,2,8,3,-37.807202,145.0266373,-37.8242676,144.9914758,5513.0,2018-06-11,02:58:19,1361.6999999999996,3:21:00,140.25
ID3595345688,1,5,6,-38.1109156,144.6541725,-37.7907967,144.985865,47193.0,2018-07-04,15:59:44,11535.780000000008,19:11:59,47.46
ID3484729866,1,7,8,-37.8618349,144.905716,-37.807202,145.0266373,13986.0,2018-04-09,18:20:37,4292.399999999998,19:32:09,25.35
ID3388723633,1,5,7,-37.8059974,144.9295055,-37.8618349,144.905716,11616.0,2018-05-07,00:45:03,3662.8200000000006,1:46:05,28.01
ID5156053150,2,5,3,-37.7908183,144.9857929,-37.823148,144.9880714,4093.0,2018-07-01,23:02:33,964.0799999999998,23:18:37,117.03
ID1374616891,0,2,3,-37.8618349,144.905716,-37.8186981,144.9840193,9193.0,2018-06-17,06:00:07,3027.899999999999,6:50:34,10.18
ID3298189096,1,4,3,-37.8025533,144.9927413,-37.8166516,144.9882044,1778.0,2018-01-06,14:20:44,476.40000000000003,14:28:40,17.07
ID3618150562,1,3,1,-37.8164503,144.9851765,-37.8196124,144.9521114,3177.0,2018-04-14,02:53:52,685.8000000000001,3:05:17,20.31
ID3369020217,1,6,8,-37.7874325,144.9803767,-37.8158343,145.04645,8361.0,2018-04-22,14:34:51,2438.22,15:15:29,21.06
ID3115961637,1,5,7,-37.8141155,144.9328762,-37.8618349,144.905716,11212.0,2018-06-09,02:50:16,3678.4800000000005,3:51:34,31.12
ID3919163481,1,1,8,-37.8043098,144.949973,-37.807202,145.0266373,7498.0,2018-06-15,13:03:40,1928.4600000000007,13:35:48,17.57
ID5801783365,2,8,2,-37.807202,145.0266373,-37.8148844,144.9376827,8668.0,2018-01-06,12:03:18,2160.7799999999993,12:39:18,206.24
ID1800786086,0,4,6,-37.8244988,144.9526951,-37.7874325,144.9803767,5608.0,2018-07-27,02:53:00,1348.2000000000005,3:15:28,12.03
ID1592386434,0,2,8,-37.8254474,144.9530928,-37.8158343,145.04645,9095.0,2018-01-10,16:06:40,2665.1400000000003,16:51:05,10.59
ID3696095080,1,3,6,-37.8170755,144.9832608,-37.7738026,144.9836466,8702.0,2018-02-27,20:52:04,2686.38,21:36:50,18.98
ID1905287491,0,2,9,-37.807202,145.0266373,-38.1109156,144.6541725,49777.0,2018-02-28,01:28:41,12069.779999999999,4:49:50,21.99
ID1828457332,0,4,7,-37.8036287,144.9921513,-37.8618349,144.905716,10944.0,2018-01-12,13:20:32,3590.88,14:20:22,10.92
ID1556848360,0,5,9,-37.8041145,144.9384725,-38.1109156,144.6541725,43584.0,2018-05-05,21:19:40,10466.519999999999,0:14:06,25.11
ID1311534724,0,5,4,-37.8113128,144.9299071,-37.8104578,145.0115275,8788.0,2018-02-24,02:10:47,2203.320000000001,2:47:30,16.6
ID1171032183,0,4,6,-37.8024037,144.9950094,-37.7907967,144.985865,2121.0,2018-01-11,20:41:23,628.86,20:51:51,6.29
ID1912064117,0,6,2,-37.7874325,144.9803767,-37.8178976,144.9485457,5235.0,2018-01-19,03:35:15,1264.26,3:56:19,10.58
ID1768323795,0,8,4,-37.8158343,145.04645,-37.8174594,144.9778062,6833.0,2018-07-24,20:47:35,2001.1800000000012,21:20:56,10.09
ID5209944549,2,7,1,-37.8618349,144.905716,-37.807202,145.0266373,13986.0,2018-06-23,23:08:47,4292.399999999998,0:20:19,388.5
ID3874230649,1,5,7,-37.8053022,144.9348055,-37.8253492,144.95335,3192.0,2018-04-20,10:39:22,884.34,10:54:06,7.99
ID1909910933,0,1,4,-37.8167434,144.9609532,-37.8054056,144.9967164,4101.0,2018-03-09,20:45:06,1001.4,21:01:47,8.9
ID3997662191,1,2,8,-37.8240357,144.9436033,-37.8158343,145.04645,9906.0,2018-04-11,23:56:32,2864.8200000000006,0:44:16,24.52
ID3700964227,1,8,8,-37.8158343,145.04645,-37.8009594,144.9566969,8304.0,2018-05-04,10:57:37,2312.3400000000006,11:36:09,11.4
ID3112459160,1,7,2,-37.8618349,144.905716,-38.1109156,144.6541725,50797.0,2018-02-06,16:57:53,13173.359999999999,20:37:26,56.94
ID5763740050,2,6,5,-37.7874421,144.9804091,-37.8129675,144.9336625,7213.0,2018-04-23,22:22:35,1809.239999999999,22:52:44,177.33
ID3513893015,1,9,8,-38.1109156,144.6541725,-37.8158343,145.04645,51032.0,2018-03-15,13:27:30,12681.060000000005,16:58:51,54.16
ID5834863646,2,4,2,-37.7990452,144.9880333,-37.824725,144.9430046,5787.0,2018-04-13,01:32:03,1502.7000000000005,1:57:05,151.98
ID3229115650,1,5,1,37.7992528,144.9364904,-37.8002377,144.9699444,3189.0,2018-06-22,13:03:58,868.8,13:18:26,13.08
ID1124871665,0,6,2,37.7874325,144.9803767,-37.8113965,144.9379083,5953.0,2018-07-22,23:24:03,1507.9799999999993,23:49:10,16.38
ID3260512898,1,3,4,-37.8214785,144.9693451,-37.7998153,144.9886964,3745.0,2018-04-17,23:40:14,1026.48,23:57:20,19.49
ID5817049984,2,3,1,-37.8187231,145.0037836,-37.8126683,144.9430737,6023.0,2018-05-20,09:00:47,1503.7799999999995,9:25:50,143.53
ID1413939448,0,2,3,37.814246,144.9352781,-37.8174266,144.9878045,5409.0,2018-04-16,22:30:20,1334.520000000001,22:52:34,11.94
ID5745786218,2,3,9,-37.8121951,144.9738711,-38.1109156,144.6541725,44413.0,2018-06-10,22:09:53,10703.76,1:08:16,912.34
ID1299418317,0,2,6,-37.8166976,144.9319125,-37.7908183,144.9857929,6886.0,2018-05-24,13:32:48,1760.4000000000008,14:02:08,8.66
ID1717495513,0,6,7,37.7907967,144.985865,-37.8618349,144.905716,11711.0,2018-06-04,02:56:15,3866.9400000000014,4:00:41,14.83
ID3291950388,1,7,2,-37.8618349,144.905716,-37.8089146,144.9354364,10630.0,2018-05-12,22:16:53,3456.299999999999,23:14:29,31.86
ID5989900523,2,7,3,37.8618349,144.905716,-37.8148623,144.9745908,8450.0,2018-02-25,00:25:47,2904.0599999999995,1:14:11,274.3
ID1961417949,0,6,4,-37.7907967,144.985865,-37.8130627,145.0117925,4647.0,2018-04-25,00:52:49,1289.2799999999997,1:14:18,10.98
ID3429528178,1,8,5,-37.8158343,145.04645,-37.8048086,144.9241859,11040.0,2018-03-05,16:16:12,3115.439999999998,17:08:07,23.02
ID3291319116,1,8,9,-37.8158343,145.04645,-38.1109156,144.6541725,51032.0,2018-07-08,19:32:37,12681.059999999998,23:03:58,58.81
ID5517158171,2,8,3,-37.807202,145.0266373,-37.8120034,144.9908827,3955.0,2018-03-23,07:51:07,933.1199999999999,8:06:40,87.62
ID1487491204,0,5,4,-37.8059182,144.9366503,37.8049857,144.9956792,5757.0,2018-03-02,02:19:02,1508.3999999999999,2:44:10,11.19
ID5669150278,2,8,7,-37.8158343,145.04645,-37.8618349,144.905716,15151.0,2018-02-19,10:19:43,4917.479999999999,11:41:40,415.51
ID1833787454,0,4,5,-37.8127925,145.0105819,-37.800365,144.9356092,9308.0,2018-04-28,07:54:36,2282.4600000000005,8:32:38,10.13
ID5870406758,2,5,6,-37.7953398,144.9310033,-37.7907967,144.985865,7380.0,2018-02-14,16:27:49,2122.32,17:03:11,195.1
ID5919464070,2,9,1,-38.1109156,144.6541725,-37.8095143,144.9638631,43661.0,2018-04-28,00:27:05,10551.240000000007,3:22:56,900.59
ID1503781776,0,7,5,-37.8618349,144.905716,37.8044811,144.9364001,10830.0,2018-06-07,06:00:52,3512.1599999999985,6:59:24,7.38
ID1172661954,0,9,5,-38.1109156,144.6541725,37.8083751,144.9288036,44129.0,2018-04-13,07:04:01,10600.139999999994,10:00:41,12.73
ID1302115846,0,4,6,-37.8019746,145.0112368,-37.7874325,144.9803767,4343.0,2018-06-24,11:31:33,1094.7000000000003,11:49:47,10.39
ID3344799573,1,7,2,-37.8618349,144.905716,-37.8166181,144.9281374,11497.0,2018-06-05,01:24:57,3716.999999999999,2:26:54,26.5
ID1702716754,0,2,8,-37.8203709,144.9495861,-37.8158343,145.04645,9125.0,2018-07-13,00:18:13,2498.1000000000013,0:59:51,13.34
ID1367221463,0,2,5,-37.8151534,144.9275173,-37.8003605,144.9362495,3699.0,2018-02-23,01:59:49,849.0,2:13:58,12.36
ID1302240018,0,3,9,-37.8167346,144.9881896,38.1109156,144.6541725,45704.0,2018-02-24,00:21:12,11053.14,3:25:25,22.55
ID1785396353,0,4,5,-37.7995195,144.9997672,-37.8129005,144.9298785,7955.0,2018-06-03,19:54:59,2055.5999999999995,20:29:14,13.76
ID3675664533,1,7,8,-37.8618349,144.905716,37.807202,145.0266373,13986.0,2018-03-03,07:15:54,4292.399999999998,8:27:26,24.57
ID1151965152,0,2,8,-37.818954,144.9432642,-37.8158343,145.04645,9750.0,2018-02-24,07:17:49,2773.38,8:04:02,9.07
ID1560684521,0,9,2,-38.1109156,144.6541725,-37.8218508,144.9475198,41936.0,2018-04-20,11:07:41,10085.459999999995,13:55:46,13.43
ID3446922822,1,6,9,-37.7738026,144.9836466,-38.1109156,144.6541725,51061.0,2018-06-16,21:10:10,13057.499999999996,0:46:26,66.6
ID1651522356,0,8,3,-37.807202,145.0266373,-37.8202067,144.9815597,5530.0,2018-07-17,21:09:42,1382.7,21:32:44,10.93
ID3858243887,1,9,4,-38.1109156,144.6541725,-37.8095167,144.99974,46972.0,2018-06-20,09:48:47,11380.740000000007,12:58:27,45.32
ID3756020156,1,6,1,-37.7907967,144.985865,-37.8178914,144.9619646,4410.0,2018-01-25,15:09:41,1264.68,15:29:36,14.09
ID5397469359,2,7,2,-37.8618349,144.905716,-37.8221915,144.9476644,8874.0,2018-04-27,20:52:26,3169.3,21:44:08,274.73
ID3846883343,1,1,9,-37.8216397,144.9676845,-38.1109156,144.6541725,44278.0,2018-03-18,21:56:41,10759.56,0:56:00,56.85
ID3460587195,1,1,9,-37.8212628,144.9615631,-38.1109156,144.6541725,43390.0,2018-02-28,14:10:07,10539.599999999999,17:05:46,48.19
ID1450491088,0,9,3,-38.1109156,144.6541725,-37.8229843,144.9889836,45850.0,2018-01-02,07:32:41,11113.320000000007,10:37:54,13.77
ID3483163971,1,4,6,-37.8048947,144.9912345,-37.7874421,144.9804091,2995.0,2018-04-17,11:05:52,722.3999999999999,11:17:54,7.58
ID3833250336,1,8,6,-37.8158343,145.04645,-37.7874325,144.9803767,8361.0,2018-07-20,00:10:37,2438.2200000000003,0:51:15,23.64
ID5687787738,2,4,2,-37.8111942,144.9990377,-37.8246196,144.9458094,5421.0,2018-04-28,01:32:53,1474.1400000000008,1:57:27,156.42
ID1971398946,0,9,8,-38.1109156,144.6541725,-37.807202,145.0266373,49777.0,2018-04-20,05:21:43,12099.660000000003,8:43:22,20.47
ID1462285143,0,5,8,-37.8134906,144.9310399,-37.8158343,145.04645,11296.0,2018-01-16,03:15:58,3261.92,4:08:41,11.23
ID1439674991,0,4,3,-37.8026418,144.9938728,-37.8186632,144.996477,2139.0,2018-03-13,19:06:24,537.9,19:15:21,8.04
ID3830418781,1,4,3,-37.798441,144.9945891,-37.8100555,144.9809537,2367.0,2018-04-21,20:06:29,629.98,20:17:27,15.12
ID1721014055,0,6,5,-37.7907967,144.985865,-37.8061892,144.9294666,6832.0,2018-06-28,21:00:13,1983.94,21:32:45,13.21
ID1779897927,0,5,7,-37.8092777,144.9291463,-37.8618349,144.905716,11161.0,2018-01-24,17:23:39,3589.7800000000007,18:23:12,9.76
ID3803315614,1,2,8,-37.8249296,144.9325794,-37.807202,145.0266373,9842.0,2018-05-27,15:24:09,2589.880000000001,16:06:41,23.84
ID3682479317,1,2,7,-37.8127164,144.9429385,-37.8618349,144.905716,9840.0,2018-02-12,15:29:28,3265.02,16:23:53,20.59
ID3815696613,1,1,2,-37.8109859,144.9587939,-37.818287,144.9257374,3282.0,2018-07-21,11:51:43,779.94,12:04:18,10.87
ID1289603977,0,6,9,-37.7907967,144.985865,-38.1109156,144.6541725,47193.0,2018-04-27,18:34:49,11575.619999999999,21:46:59,16.82
ID3670707237,1,8,5,-37.807202,145.0266373,-37.8077748,144.9332945,9187.0,2018-01-13,16:13:19,2375.639999999999,16:52:54,22.1
ID1733329208,0,7,8,-37.8618349,144.905716,-37.8158343,145.04645,15151.0,2018-05-11,08:28:49,4911.599999999998,9:50:40,7.68
ID5524882252,2,7,5,-37.8618349,144.905716,-37.8033171,144.9368699,10832.0,2018-05-21,23:58:19,3535.9199999999996,0:57:14,319.23
ID5590177595,2,6,7,-37.7907967,144.985865,-37.8618349,144.905716,11711.0,2018-02-14,14:42:45,3866.9400000000014,15:47:11,337.46
ID5888887489,2,7,2,-37.8618349,144.905716,-37.8127528,144.9374607,10637.0,2018-02-05,05:53:46,3452.279999999998,6:51:18,313.71
ID3569902824,1,8,1,-37.807202,145.0266373,-37.8201538,144.9669628,6680.0,2018-04-16,07:12:40,1693.6200000000006,10:15:26,10.64
ID1914547740,0,2,8,-37.8122538,144.9386636,-37.8158343,145.04645,9911.0,2018-05-01,17:54:54,2793.0,21:56:06,8.99
ID1326413625,0,3,8,-37.8235277,144.9879236,-37.807202,145.0266373,5232.0,2018-06-24,14:56:26,1251.1200000000001,15:17:17,12.04
ID1586407337,0,2,7,-37.8246196,144.9458094,-37.8618349,144.905716,8956.0,2018-03-13,14:35:07,3144.3,20:13:06,8.61
ID3933959182,1,3,4,-37.825772,144.9844382,-37.8166864,145.0134205,3584.0,2018-05-03,00:46:26,821.1600000000003,1:46:13,18.53
ID1800840780,0,7,4,-37.8618349,144.905716,-37.810702,145.0117432,12481.0,2018-07-11,00:51:12,3912.3599999999974,1:56:24,13.22
ID1252828307,0,7,3,-37.8618349,144.905716,-37.8134021,144.9954422,10484.0,2018-05-13,01:58:48,3510.5999999999985,2:57:18,20.29
ID1275706403,0,9,7,-38.1109156,144.6541725,-37.8618349,144.905716,50797.0,2018-07-07,08:18:46,13204.979999999994,11:58:50,19.13
ID3974705326,1,8,1,-37.8158343,145.04645,-37.8145925,144.9597224,8056.0,2018-05-07,13:20:08,2325.659999999999,18:23:22,17.0
ID5203327632,2,6,8,-37.7738026,144.9836466,-37.8158343,145.04645,13562.0,2018-07-02,17:10:28,4213.5599999999995,17:29:20,366.26
ID3714209270,1,8,3,-37.8158343,145.04645,-37.824146,144.9835879,6965.0,2018-05-10,18:26:35,2038.2000000000007,20:24:44,15.7
ID3383483857,1,6,5,-37.7874325,144.9803767,-37.8065224,144.9317679,6329.0,2018-05-09,09:23:49,1690.74,9:51:59,9.57
ID3305733835,1,8,6,-37.8158343,145.04645,-37.7738026,144.9836466,13562.0,2018-06-05,02:02:09,4192.259999999999,7:06:11,30.43
ID3543992724,1,2,5,-37.8225585,144.9501314,-37.8026898,144.938283,3040.0,2018-05-25,19:57:48,769.3200000000002,20:10:37,12.13
ID1967443840,0,1,3,-37.8033438,144.971893,-37.8204768,144.9771165,2789.0,2018-03-04,14:06:16,750.0000000000002,14:18:46,12.04
ID3620206972,1,8,1,-37.807202,145.0266373,-37.8044157,144.9592957,6476.0,2018-04-22,23:57:15,1635.5400000000004,0:24:30,26.59
ID1575410166,0,5,6,-37.8059974,144.9295055,-37.7908183,144.9857929,7153.0,2018-07-03,14:16:17,1899.72,20:04:10,8.14
ID5785689180,2,2,1,-37.8236213,144.9404384,-37.7989032,144.9626467,4581.0,2018-04-27,06:23:17,1114.5000000000005,6:41:51,105.89
ID3130889283,1,6,2,-37.7907967,144.985865,-37.8091315,144.9320819,6547.0,2018-06-04,07:52:04,1800.3599999999994,8:33:43,9.26
ID3275447090,1,2,1,-37.814967,144.9451251,-37.8178559,144.952689,2644.0,2018-07-26,02:10:44,655.0800000000002,2:21:39,17.36
ID3383967910,3,4,1,-37.7995518,145.0036237,-37.8006539,144.953847,5039.0,2018-07-04,02:09:18,1308.1800000000012,2:31:06,20.32
ID3706171322,1,5,4,-37.8068301,144.9378108,-37.8104835,144.9959702,5748.0,2018-04-12,11:51:42,1395.4799999999993,12:14:57,10.87
ID1271977879,0,4,7,-37.8152822,145.0029326,-37.8618349,144.905716,11138.0,2018-05-04,00:52:52,3536.1000000000004,1:51:48,14.78
ID1837128390,0,3,2,-37.8121427,144.9792291,-37.819481,144.9323996,5722.0,2018-06-08,03:33:32,1420.6200000000006,3:57:12,11.14
ID3448773841,1,1,3,-37.8043195,144.9780489,-37.8187723,144.982729,2644.0,2018-02-22,02:06:27,618.7200000000001,2:16:45,17.58
ID1624788694,1,9,8,-38.1109156,144.6541725,-37.8158343,145.04645,51032.0,2018-03-10,17:44:43,12681.060000000005,21:16:04,20.58
ID3624227746,1,6,9,-37.773845,144.9836895,-38.1109156,144.6541725,48197.0,2018-06-16,01:43:00,11519.399999999998,4:54:59,56.63
ID3882469921,1,4,7,-37.8047418,145.0110667,-37.8618349,144.905716,12642.0,2018-01-13,17:19:30,4013.880000000001,18:26:23,27.72
ID3153732944,3,5,1,-37.8044169,144.9295844,-37.8083862,144.9717387,3981.0,2018-01-17,07:44:03,1047.8999999999996,8:01:30,9.78
ID1342424239,3,5,1,-37.8160421,144.9286688,-37.818654,144.952458,3813.0,2018-01-07,04:35:46,969.4199999999998,4:51:55,16.33
ID1294963438,0,6,9,-37.7738026,144.9836466,-38.1109156,144.6541725,51061.0,2018-01-15,01:47:26,12976.499999999996,5:23:42,21.56
ID1695478884,0,8,5,-37.8158343,145.04645,-37.805884,144.9366626,9926.0,2018-02-22,06:49:42,2829.9599999999978,7:36:51,5.73
ID5301439531,2,1,6,-37.8095468,144.9639783,-37.7874421,144.9804091,3368.0,2018-07-08,09:22:29,856.8000000000002,9:36:45,91.82
ID1794426976,1,3,1,-37.824608,144.9905837,-37.8009419,144.9563946,4444.0,2018-03-26,23:46:50,1066.0200000000007,0:04:36,10.51
ID3766458715,1,2,5,-37.8208419,144.9480733,-37.8187161,144.9168055,3351.0,2018-04-07,15:32:04,887.34,15:46:51,16.95
ID3821978186,1,2,1,-37.8221843,144.947702,-37.8245608,144.9564993,1364.0,2018-06-11,23:04:57,338.58,23:10:35,16.58
ID5834652188,2,6,2,-37.7874421,144.9804091,-37.8148076,144.9376422,5850.0,2018-04-14,09:14:14,1479.9599999999996,9:38:53,140.53
ID1981081371,1,3,4,-37.8210367,144.9771467,-37.8117506,145.0122097,4163.0,2018-05-04,19:30:23,1046.7,19:47:49,8.33
ID3565748258,1,9,2,-38.1109156,144.6541725,-37.8205611,144.9487888,41971.0,2018-04-10,12:30:19,10086.119999999997,15:18:25,43.56
ID1356553684,1,6,3,-37.7874325,144.9803767,-37.8214261,144.9918042,4649.0,2018-05-11,06:04:12,1164.0599999999997,6:23:36,5.18
ID1113582772,0,6,7,-37.7907967,144.985865,-37.8618349,144.905716,11711.0,2018-05-26,09:06:36,3866.9400000000014,10:11:02,11.93
ID1759175024,0,7,3,-37.8618349,144.905716,-37.8144014,144.9914613,10239.0,2018-01-26,07:31:50,3281.699999999999,8:26:31,4.4
ID1807356074,0,2,9,-37.8164963,144.9458666,-38.1109156,144.6541725,41793.0,2018-07-02,18:46:34,10075.259999999998,21:34:29,15.08
ID1264672352,0,5,4,-37.8147958,144.9270579,-37.7995439,145.0022776,9035.0,2018-04-22,19:41:29,2329.6199999999994,20:20:18,13.11
ID5637003420,3,9,4,-38.1109156,144.6541725,-37.8005312,145.0138431,48792.0,2018-04-17,08:09:53,11912.880000000003,11:28:25,986.39
ID3286805455,1,2,8,-37.8088151,144.9258578,-37.8158343,145.04645,11133.0,2018-06-02,10:33:22,3144.42,11:25:46,18.93
ID1923726037,0,3,1,-37.8231224,144.9891999,-37.802433,144.9565755,4145.0,2018-01-27,14:04:06,941.46,14:19:47,12.77
ID1985047558,0,8,3,-37.8158343,145.04645,-37.8259124,144.9816174,7109.0,2018-07-02,16:46:24,2073.3,17:20:57,9.59
ID3182347180,1,5,6,-37.8152655,144.9277894,-37.773845,144.9836895,8925.0,2018-01-15,05:53:07,2030.6999999999998,6:26:57,23.88
ID3458479856,2,3,8,-37.82412,144.9889671,-37.8158343,145.04645,6343.0,2018-02-05,02:48:30,1869.3000000000002,3:19:39,23.6
ID1310428302,0,3,1,-37.8100606,144.9960027,-37.7987038,144.9672326,3448.0,2018-03-16,03:42:26,880.3800000000002,3:57:06,12.45
ID1816469435,0,4,7,-37.8057576,145.0043502,-37.8618349,144.905716,11996.0,2018-05-11,19:42:48,3862.500000000001,20:47:10,10.49
ID1239578873,0,4,8,-37.8118847,144.9996558,-37.8158343,145.04645,4256.0,2018-02-22,13:36:28,1370.22,13:13:38,10.11
ID3849973590,1,2,6,-37.8158381,144.9372559,-37.7908183,144.9857929,6181.0,2018-02-08,01:32:44,1590.8400000000006,1:59:14,21.06
ID5712402960,2,8,7,-37.807202,145.0266373,-37.8618349,144.905716,13986.0,2018-03-26,20:57:50,4298.280000000001,19:46:12,371.9
ID3942456712,1,8,1,-37.8158343,145.04645,-37.8093554,144.9744788,6500.0,2018-04-26,14:22:59,1920.1200000000003,13:50:59,17.55
ID3733670361,1,5,4,-37.8059773,144.927982,-37.8135859,145.0120655,8200.0,2018-03-08,0:47:54,2061.2400000000007,00:13:33,24.47
ID3915511697,1,9,3,-38.1109156,144.6541725,-37.8107533,144.9975014,46785.0,2018-02-28,21:59:31,11194.859999999997,1:06:05,54.32
ID1775059950,0,7,1,-37.8618349,144.905716,-37.8117314,144.9643145,8370.0,2018-01-20,16:51:35,2871.359999999998,17:39:26,12.48
ID3432291583,1,2,8,-37.8115199,144.9272068,-37.807202,145.0266373,9773.0,2018-03-01,19:45:54,2514.8999999999996,20:27:48,20.47
ID3496714873,1,8,1,-37.807202,145.0266373,-37.8070779,144.9656769,5928.0,2018-01-01,11:47:09,1501.3799999999999,11:22:08,9.16
ID1328623601,0,6,8,-37.7907967,144.985865,-37.8158343,145.04645,7470.0,2018-03-26,09:55:30,2302.38,10:33:52,6.3
ID5687584744,2,1,8,-37.8188204,144.9531788,-37.8158343,145.04645,8815.0,2018-01-13,14:55:26,2469.180000000001,14:14:17,230.1
ID1700058695,0,1,9,-37.8082348,144.9536132,-38.1109156,144.6541725,47863.0,2018-04-18,02:42:20,11682.66,5:57:02,19.94
ID1365875579,0,3,8,-37.8160847,144.9726051,-37.8158343,145.04645,6948.0,2018-01-19,3:49:19,2068.26,03:14:51,13.63
ID1464941667,0,9,4,-38.1109156,144.6541725,-37.8122303,145.0159644,48328.0,2018-01-24,23:29:09,11704.500000000007,2:44:13,19.24
ID1544185176,0,1,6,-37.7989183,144.9441439,-37.7874421,144.9804091,4811.0,2018-04-26,00:18:23,1223.94,0:38:46,11.49
ID1997759488,0,4,7,-37.8124496,145.0110445,-37.8618349,144.905716,12173.0,2018-05-28,01:07:24,3901.8000000000015,2:12:25,13.22
ID3710895103,1,4,1,-37.7990452,144.9880333,-37.8094801,144.9479139,4559.0,2018-04-02,15:58:51,1208.64,15:38:43,11.99
ID3232239137,1,2,9,-37.8163489,144.9384098,-38.1109156,144.6541725,42451.0,2018-07-14,20:22:18,10190.939999999999,23:12:08,51.53
ID1229943890,0,5,6,-37.8047601,144.9366538,-37.7907967,144.985865,6015.0,2018-06-22,11:53:24,1730.3400000000006,11:24:34,3.55
ID1123144706,0,8,1,-37.8158343,145.04645,-37.8041213,144.9492269,8794.0,2018-06-25,4:11:37,2526.3599999999997,03:29:31,14.61
ID1500495423,0,7,1,-37.8618349,144.905716,-37.8175358,144.9683504,8032.0,2018-06-20,04:35:11,2767.14,5:21:18,12.53
ID1145944825,0,9,3,-38.1109156,144.6541725,-37.8133132,144.9737721,44327.0,2018-06-25,22:24:14,10620.0,1:21:14,18.48
ID3873240464,1,6,8,-37.7874421,144.9804091,-37.8158343,145.04645,8357.0,2018-04-10,04:39:45,2437.38,5:20:22,23.89
ID5572449384,2,6,8,-37.7738026,144.9836466,-37.8158343,145.04645,13562.0,2018-02-28,17:03:51,4213.5599999999995,18:14:04,366.13
ID5344841862,2,9,4,-38.1109156,144.6541725,-37.8099653,144.9953976,46502.0,2018-07-03,20:31:49,11150.160000000003,23:37:39,932.66
ID1205350501,0,3,8,-37.8262655,144.9784469,-37.807202,145.0266373,6662.0,2018-23-07,07:57:59,1635.54,8:25:14,6.71
ID3198308245,1,7,5,-37.8618349,144.905716,-37.8102304,144.9305611,11774.0,2018-02-06,05:26:28,3753.1199999999994,6:29:01,28.93
ID5771972380,2,8,9,-37.8158343,145.04645,-38.1109156,144.6541725,51032.0,2018-04-23,19:26:18,12681.059999999998,22:57:39,1057.26
ID3795595269,1,9,6,-38.1109156,144.6541725,-37.7738026,144.9836466,51061.0,2018-04-11,16:45:37,12952.44000000001,20:21:29,53.43
ID3535353659,1,4,2,-37.802294,144.990587,-37.8097865,144.9318465,6074.0,2018-04-21,06:50:47,1496.3999999999999,7:15:43,13.16
ID3501254287,1,3,8,-37.8154546,144.9774748,-37.8158343,145.04645,6474.0,2018-06-12,16:14:19,1917.6,16:46:16,15.6
ID3516622618,1,9,6,-38.1109156,144.6541725,-37.7908183,144.9857929,47186.0,2018-06-21,03:45:29,11423.220000000008,6:55:52,54.68
ID3560217724,1,9,2,-38.1109156,144.6541725,-37.8164447,144.9458051,41788.0,2018-04-09,18:26:44,10072.92,21:14:36,44.74
ID5518861463,2,6,1,-37.7907967,144.985865,-37.8034065,144.9665448,2929.0,2018-01-18,05:59:20,885.3600000000004,6:14:05,102.38
ID1186435533,0,7,2,-37.8618349,144.905716,-37.812863,144.937464,10624.0,2018-07-06,07:33:07,3449.939999999998,8:30:36,5.8
ID5375350631,2,5,7,-37.7996716,144.9370344,-37.8618349,144.905716,11134.0,2018-03-05,22:39:15,3635.2200000000003,23:39:50,326.26
ID3942148920,1,3,2,-37.8117705,144.97473,-37.8213503,144.9456057,2870.0,2018-07-03,17:24:47,641.6399999999998,17:35:28,12.58
ID3495309224,1,8,5,-37.807202,145.0266373,-37.8090207,144.9289276,9465.0,2018-06-13,13:26:00,2402.999999999998,14:06:03,18.05
ID1752776070,0,9,7,-38.1109156,144.6541725,-37.8618349,144.905716,50797.0,2018-13-01,06:26:45,13204.979999999994,10:06:49,19.84
ID3305961912,1,8,6,-37.8158343,145.04645,-37.7907967,144.985865,7470.0,2018-07-01,21:09:59,2302.3800000000006,21:48:21,28.97
ID3381044222,1,8,7,-37.8158343,145.04645,-37.8618349,144.905716,15151.0,2018-02-05,10:11:45,4917.479999999999,11:33:42,20.83
ID1489405839,0,7,2,-37.8618349,144.905716,-37.8207402,144.9417076,9467.0,2018-04-05,10:54:01,3236.0400000000013,11:47:57,8.55
ID1643586674,0,1,3,-37.821085,144.9610726,-37.819017,144.9847462,2302.0,2018-02-26,07:04:31,521.6400000000001,7:13:12,4.61
ID3211472997,1,1,2,-37.8100167,144.944937,-37.816518,144.9459031,998.0,2018-21-04,08:47:54,259.32000000000005,8:52:13,8.21
ID1504822382,0,5,2,-37.8099179,144.9360412,-37.8189575,144.9466373,1491.0,2018-06-15,06:50:14,334.97999999999996,6:55:48,5.85
ID3502447390,1,9,6,-38.1109156,144.6541725,-37.7908183,144.9857929,47186.0,2018-05-01,12:31:23,11423.220000000008,15:41:46,49.73
ID1150178352,0,8,2,-37.8158343,145.04645,-37.8253657,144.9477248,9448.0,2018-21-01,04:36:14,2746.319999999999,5:22:00,18.39
ID3260340300,1,2,1,-37.8216085,144.933785,-37.799593,144.9552155,4289.0,2018-02-23,13:28:04,1084.0800000000002,13:46:08,15.32
ID3878496524,1,9,3,-38.1109156,144.6541725,-37.8258228,144.9848095,45675.0,2018-24-03,21:35:34,11020.74,0:39:14,56.8
ID1575537304,0,5,7,-37.8163947,144.9285102,-37.8618349,144.905716,11544.0,2018-07-22,14:24:43,3731.4000000000005,15:26:54,12.57
ID3640938097,1,9,8,-38.1109156,144.6541725,-37.8158343,145.04645,51032.0,2018-07-17,07:29:47,12681.060000000005,11:01:08,48.72
ID1955305456,0,5,2,-37.8099116,144.9359473,-37.8088806,144.9252933,951.0,2018-28-07,08:44:43,217.14,8:48:20,7.92
ID5929561441,2,6,1,-37.773845,144.9836895,-37.8037072,144.9622566,4299.0,2018-06-04,21:59:16,870.8999999999999,22:13:46,99.94
ID1168702914,0,7,3,-37.8618349,144.905716,-37.8168514,144.9900071,9758.0,2018-05-21,15:04:06,3176.579999999999,15:57:02,9.11
ID3701542647,1,8,5,-37.8158343,145.04645,-37.7914845,144.9367602,10889.0,2018-05-03,13:52:42,3013.8599999999997,14:42:55,20.6
ID1957351930,0,7,4,-37.8618349,144.905716,-37.8126195,145.0057727,11491.0,2018-04-28,00:30:32,3705.2399999999975,1:32:17,15.6
ID1981959716,0,2,8,-37.815309,144.9459185,-37.8158343,145.04645,9129.0,2018-06-02,01:56:27,2547.8999999999996,2:38:54,16.92
ID1697019131,0,4,1,-37.8075831,145.0003194,-37.8042856,144.9490574,4992.0,2018-06-04,03:36:53,1206.3600000000006,3:56:59,11.45
ID1771638550,0,5,1,-37.7996144,144.9327719,-37.8243635,144.9585022,4920.0,2018-07-20,21:31:14,1201.02,21:51:15,12.03
ID3744276425,1,1,7,-37.8156718,144.9380013,-37.8618349,144.905716,10360.0,2018-03-11,14:37:41,3392.2200000000003,15:34:13,26.75
ID1279775219,0,8,6,-37.8158343,145.04645,-37.773845,144.9836895,10698.0,2018-04-31,10:58:13,2735.16,11:43:48,6.56
ID1487004857,0,2,6,-37.8218638,144.9349961,-37.7738026,144.9836466,10635.0,2018-05-16,18:16:03,3005.1,19:06:08,10.04
ID1875596315,0,7,6,-37.8618349,144.905716,-37.7908183,144.9857929,11712.0,2018-02-30,11:46:07,3700.979999999999,12:47:47,8.02
ID5526613145,2,7,9,-37.8618349,144.905716,-38.1109156,144.6541725,50797.0,2018-02-30,09:32:47,13173.359999999999,13:12:20,1089.37
ID3534954804,1,3,5,-37.8169046,144.9780254,-37.8152448,144.9276603,6084.0,2018-06-31,08:26:14,1519.5000000000007,8:51:33,9.41
ID5593634350,2,4,6,-37.8035321,144.9944033,-37.7874325,144.9803767,3096.0,2018-02-30,02:23:03,780.2999999999998,2:36:03,94.86
ID1263351260,0,3,8,-37.8247956,144.9889474,-37.8158343,145.04645,6429.0,2018-06-31,12:45:53,1907.7600000000002,13:17:40,8.39
ID3676585486,1,1,5,-37.8098124,144.976242,-37.8096741,144.9365179,4261.0,2018-02-30,23:01:16,1057.5600000000004,23:18:53,18.96
ID3129228534,1,7,2,-37.8618349,144.905716,-37.8162818,144.9323467,10950.0,2018-03-23,06:43:29,3610.979999999999,7:43:39,17.84
ID1825360668,0,7,3,-37.8618349,144.905716,-37.821635,144.9986317,10387.0,2018-01-09,00:53:33,3331.6799999999994,1:49:04,11.86
ID3693737774,1,6,3,-37.773845,144.9836895,-37.81969,144.9989739,7311.0,2018-06-28,11:46:29,1626.9599999999996,12:13:35,9.76
ID1202717048,0,7,9,-37.8618349,144.905716,-38.1109156,144.6541725,50797.0,2018-01-06,06:43:00,13173.359999999999,10:22:33,17.98
ID1374892949,0,4,2,-37.8037698,145.0107711,-37.8161206,144.9287575,9146.0,2018-05-13,07:59:26,2365.9799999999996,8:38:51,9.32
ID3487492024,1,5,6,-37.8087969,144.9362431,-37.7908183,144.9857929,6234.0,2018-06-31,10:18:51,1588.5,10:45:19,10.34
ID3168299702,1,2,6,-37.8199328,144.9323719,-37.7874325,144.9803767,6673.0,2018-01-14,21:11:59,1682.7600000000011,21:40:01,24.2
ID1276072093,0,2,5,-37.8177809,144.9317784,-37.806807,144.9380724,2648.0,2018-04-01,13:11:53,690.1800000000001,13:23:23,9.81
ID3145626456,1,7,1,-37.8618349,144.905716,-37.8139816,144.9604015,8338.0,2018-02-19,13:44:13,2872.2599999999998,14:32:05,19.54
ID3169654843,1,3,8,-37.8208667,144.9823617,-37.8158343,145.04645,6607.0,2018-04-24,11:57:47,1954.2000000000003,12:30:21,10.19
ID1964638091,0,5,3,-37.8009709,144.9364078,-37.8161385,144.9724703,4580.0,2018-02-02,08:35:23,1123.0800000000004,8:54:06,6.19
ID1350734408,0,2,3,-37.8206226,144.9488344,-37.8236952,144.979642,3365.0,2018-02-30,12:09:32,860.2200000000001,12:23:52,7.17
ID1812134978,0,1,4,-37.8064398,144.9721477,-37.8024092,145.0158325,5123.0,2018-06-31,21:33:40,1409.4599999999998,21:57:09,12.4
ID1654349160,0,9,4,-38.1109156,144.6541725,-37.8000381,145.0000366,47615.0,2018-01-08,03:03:57,11535.540000000006,6:16:12,21.37
ID3930727296,1,9,2,-38.1109156,144.6541725,-37.8207051,144.9485447,41964.0,2018-04-03,07:15:35,10083.839999999997,10:03:38,41.32
ID1597154788,0,9,8,-38.1109156,144.6541725,-37.807202,145.0266373,49777.0,2018-07-12,08:48:22,12099.660000000003,12:10:01,14.81
ID5902967559,2,2,4,-37.8106491,144.9291724,-37.8136771,145.0129547,8578.0,2018-03-09,07:52:05,2180.3400000000006,8:28:25,191.43
ID3694921401,1,1,5,-37.8075598,144.970525,-37.8106763,144.9260252,4412.0,2018-05-17,16:35:00,1146.8400000000001,16:54:06,13.62
ID5962187426,2,7,4,-37.8618349,144.905716,-37.8019771,145.0019334,11899.0,2018-05-26,16:04:51,3800.039999999998,17:08:11,340.76
ID3869522302,1,7,5,-37.8618349,144.905716,-37.8101691,144.9365608,10497.0,2018-04-25,21:52:01,3410.1599999999976,22:48:51,26.96
ID1817215507,0,2,4,-37.813061,144.9402706,-37.8067976,144.9983802,5670.0,2018-03-20,12:56:39,1374.0000000000007,13:19:33,7.48
ID3214991637,1,5,4,-37.8113309,144.9294072,-37.8069141,144.998466,7373.0,2018-01-19,16:38:32,1840.7400000000002,17:09:12,17.11
ID3893594072,1,5,3,-37.8068929,144.9377451,-37.822806,145.0093369,7411.0,2018-05-16,06:43:14,1849.7400000000005,7:14:03,11.66
ID1359191954,0,5,1,-37.8049604,144.9315487,-37.8148928,144.9375485,2269.0,2018-07-02,01:53:45,557.82,2:03:02,10.36
ID3567782826,1,7,4,-37.8618349,144.905716,-37.8129595,145.0155703,13251.0,2018-03-26,17:28:49,3959.9399999999996,18:34:48,22.56
ID3680615583,1,6,3,-37.7738026,144.9836466,-37.8185597,144.9991723,10048.0,2018-05-11,23:40:22,3072.240000000001,0:31:34,24.68
ID3706883982,1,9,3,-38.1109156,144.6541725,-37.8190956,144.9970046,46602.0,2018-06-17,10:48:40,11305.019999999991,13:57:05,47.57
ID1655659485,0,3,4,-37.8174787,144.9704325,-37.8128293,145.0150085,5331.0,2018-04-20,15:52:40,1367.1600000000003,16:15:27,10.54
ID5539455074,2,2,9,-37.8149205,144.9447554,-38.1109156,144.6541725,41920.0,2018-05-20,16:48:38,10085.759999999998,19:36:43,853.81
ID3254278893,1,1,3,-37.8068301,144.9378108,-37.8121517,144.9890977,5122.0,2018-05-28,17:19:33,1194.7799999999995,17:39:27,14.13
ID1480096654,0,1,7,-37.8053659,144.9414923,-37.8618349,144.905716,10375.0,2018-02-16,09:16:03,3429.2400000000002,10:13:12,6.5
ID1524512063,0,5,4,-37.8115492,144.9362069,-37.8030418,144.99806,6731.0,2018-07-05,14:28:21,1739.5799999999997,14:57:20,5.5
ID1574385573,0,9,2,-38.1109156,144.6541725,-37.813514,144.9442952,41994.0,2018-04-20,12:50:18,10067.099999999997,15:38:05,16.98
ID1898978945,0,8,5,-37.807202,145.0266373,-37.805124,144.9370784,8582.0,2018-04-13,19:40:20,2232.7799999999997,20:17:32,9.21
ID3713988569,1,6,2,-37.7874421,144.9804091,-37.8210187,144.9473538,5521.0,2018-02-23,23:02:35,1333.9199999999998,23:24:48,18.13
ID3416534996,1,5,7,-37.8008906,144.9282064,-37.8618349,144.905716,11757.0,2018-05-23,02:41:49,3709.1400000000003,3:43:38,29.52
ID3802109196,1,3,2,-37.82545,144.9846594,-37.8238758,144.9350031,4980.0,2018-06-19,23:07:52,1229.4600000000005,23:28:21,18.65
ID3932653101,1,5,3,-37.8046039,144.9102956,-37.8201984,145.00054,8953.0,2018-05-16,09:25:09,2232.42,10:02:21,13.65
ID3775992187,1,9,5,-38.1109156,144.6541725,-37.8037717,144.9380206,43640.0,2018-01-08,17:31:00,10481.459999999995,20:25:41,46.25
ID5398767704,2,7,9,-37.8618349,144.905716,-38.1109156,144.6541725,50797.0,2018-07-23,18:19:17,13173.359999999999,21:58:50,1098.06
ID3382141755,1,8,4,-37.807202,145.0266373,-37.8122009,145.0159702,2653.0,2018-06-19,21:41:22,621.42,21:51:43,19.37
ID1179557731,0,8,6,-37.8158343,145.04645,-37.7874325,144.9803767,8361.0,2018-04-22,05:45:39,2438.2200000000003,6:26:17,16.99
ID1769624632,0,3,6,-37.8160876,144.9722284,-37.7908183,144.9857929,3529.0,2018-07-24,04:51:27,862.8599999999998,5:05:49,9.66
ID1563066019,0,6,5,-37.7738026,144.9836466,-37.8058411,144.9317736,10229.0,2018-06-25,17:26:26,3087.120000000001,18:17:53,10.11
ID3521455110,1,6,8,-37.7874325,144.9803767,-37.807202,145.0266373,5793.0,2018-05-06,07:19:55,1493.5200000000004,7:44:48,13.09
ID5154659957,2,6,2,-37.7738026,144.9836466,-37.8245991,144.9430126,10625.0,2018-07-21,04:26:53,3167.5799999999986,5:19:40,295.89
ID1156562027,0,3,6,-37.8221138,144.9951526,-37.7738026,144.9836466,9997.0,2018-03-25,02:02:42,3037.1400000000003,2:53:19,18.11
ID3492099734,1,2,3,-37.8209652,144.9473885,-37.8191319,144.9773398,3028.0,2018-04-25,22:20:05,740.0400000000001,22:32:25,16.99
ID1233087509,0,6,8,-37.7874421,144.9804091,-37.807202,145.0266373,5789.0,2018-04-15,07:42:51,1492.6800000000005,8:07:43,10.91
ID3815195757,1,1,8,-37.8185906,144.9557414,-37.8158343,145.04645,8542.0,2018-05-02,15:37:09,2370.3,16:16:39,18.86
ID3881241369,1,4,5,-37.7989055,145.011509,-37.8040237,144.9334558,8097.0,2018-04-19,22:04:03,2172.8399999999997,22:40:15,22.42
ID1873165781,0,3,4,-37.8204229,144.9691189,-37.8117797,144.9988291,3391.0,2018-01-04,00:58:30,923.7000000000004,1:13:53,10.37
ID3934803958,1,8,5,-37.8158343,145.04645,-37.8099116,144.9359473,10110.0,2018-01-11,13:06:20,2826.1799999999985,13:53:26,18.43
ID1239107459,0,8,7,-37.807202,145.0266373,-37.8618349,144.905716,13986.0,2018-05-14,18:53:11,4298.280000000001,20:04:49,11.18
ID1894716520,0,1,6,-37.8113212,144.9475698,-37.7874421,144.9804091,6740.0,2018-03-12,04:23:15,1686.96,4:51:21,13.4
ID1366840529,0,4,1,-37.8016696,145.0035507,-37.801199,144.9622622,4063.0,2018-06-24,23:34:02,1036.2000000000005,23:51:18,14.3
ID5180577323,2,8,9,-37.8158343,145.04645,-38.1109156,144.6541725,51032.0,2018-03-16,17:32:39,12681.059999999998,21:04:00,1058.17
ID5133622506,2,2,5,-37.8143652,144.9473851,-37.79457,144.9358023,4265.0,2018-04-15,21:15:06,1045.5600000000002,21:32:31,122.26
ID3241129931,1,8,7,-37.807202,145.0266373,-37.8618349,144.905716,13986.0,2018-04-23,05:30:15,4298.280000000001,6:41:53,29.42
ID1156129427,0,3,9,-37.8181254,144.9909146,-38.1109156,144.6541725,46015.0,2018-05-10,19:56:38,11134.74,23:02:12,17.71
ID3960461307,1,2,4,-37.8148324,144.9450731,-37.8081941,144.9998632,5299.0,2018-07-19,22:36:37,1363.14,22:59:20,19.76
ID5189137967,2,2,5,-37.8193807,144.941667,-37.8149675,144.9275211,3302.0,2018-03-10,08:24:49,806.1600000000007,8:38:15,87.22
ID3218548956,1,7,3,-37.8618349,144.905716,-37.8220421,145.0032393,10831.0,2018-01-02,03:21:46,3403.1999999999994,4:18:29,26.35
ID1607643830,0,4,3,-37.816506,145.0056917,-37.816446,144.9710005,3290.0,2018-04-11,17:08:29,867.42,17:22:56,6.78
ID3518653300,1,8,4,-37.807202,145.0266373,-37.8011444,145.00368,2624.0,2018-04-15,00:01:36,695.4,0:13:11,21.1
ID3198008058,1,7,9,-37.8618349,144.905716,-38.1109156,144.6541725,50797.0,2018-04-28,11:06:54,13173.359999999999,14:46:27,54.87
